Type,Domain,Prefix,Namespace,sbr-nl,allowed
namespaces,ocw,link,http://www.xbrl.org/2003/linkbase,False,True
namespaces,ocw,xbrldt,http://xbrl.org/2005/xbrldt,False,True
namespaces,ocw,xlink,http://www.w3.org/1999/xlink,False,True
namespaces,ocw,xsi,http://www.w3.org/2001/XMLSchema-instance,False,True
namespaces,ocw,gen,http://xbrl.org/2008/generic,False,True
namespaces,ocw,label,http://xbrl.org/2008/label,False,True
namespaces,ocw,msg,http://xbrl.org/2010/message,False,True
namespaces,ocw,xff,http://www.xbrl.org/2010/function/formula,False,False
namespaces,ocw,xs,http://www.w3.org/2001/XMLSchema,False,True
namespaces,ocw,xfi,http://www.xbrl.org/2008/function/instance,False,False
namespaces,ocw,acf,http://xbrl.org/2010/filter/aspect-cover,False,True
namespaces,ocw,bf,http://xbrl.org/2008/filter/boolean,False,True
namespaces,ocw,cf,http://xbrl.org/2008/filter/concept,False,True
namespaces,ocw,df,http://xbrl.org/2008/filter/dimension,False,False
namespaces,ocw,ocw-wnt-dim,http://www.nltaxonomie.nl/nt15/ocw/20210217/dictionary/ocw-wnt-axes,True,True
namespaces,ocw,ocw-wnt-i,http://www.nltaxonomie.nl/nt15/ocw/20210217/dictionary/ocw-wnt-data,True,True
namespaces,ocw,bzk-wnt-i,http://www.nltaxonomie.nl/nt15/bzk/20201209/dictionary/bzk-wnt-data,True,True
namespaces,ocw,va,http://xbrl.org/2008/assertion/value,False,True
namespaces,ocw,validation,http://xbrl.org/2008/validation,False,True
namespaces,ocw,variable,http://xbrl.org/2008/variable,False,True
namespaces,ocw,pf,http://xbrl.org/2008/filter/period,False,True
namespaces,ocw,xbrli,http://www.xbrl.org/2003/instance,False,True
namespaces,ocw,ocw-i,http://www.nltaxonomie.nl/nt15/ocw/20210217/dictionary/ocw-data,True,True
namespaces,ocw,jenv-bw2-dim,http://www.nltaxonomie.nl/nt15/jenv/20201209/dictionary/jenv-bw2-axes,True,True
namespaces,ocw,jenv-bw2-dm,http://www.nltaxonomie.nl/nt15/jenv/20201209/dictionary/jenv-bw2-domains,True,True
namespaces,ocw,ocw-dim,http://www.nltaxonomie.nl/nt15/ocw/20210217/dictionary/ocw-axes,True,True
namespaces,ocw,ocw-dm,http://www.nltaxonomie.nl/nt15/ocw/20210217/dictionary/ocw-domains,True,True
namespaces,ocw,ea,http://xbrl.org/2008/assertion/existence,False,True
namespaces,ocw,nl-cd,http://www.nltaxonomie.nl/nt15/sbr/20200301/dictionary/nl-common-data,True,True
namespaces,ocw,ocw-t,http://www.nltaxonomie.nl/nt15/ocw/20210217/dictionary/ocw-tuples,True,True
namespaces,ocw,ocw-wnt-t,http://www.nltaxonomie.nl/nt15/ocw/20210217/dictionary/ocw-wnt-tuples,True,True
namespaces,ocw,tf,http://xbrl.org/2008/filter/tuple,False,True
namespaces,ocw,ocw-ohu-t,http://www.nltaxonomie.nl/nt15/ocw/20210217/dictionary/ocw-ohu-tuples,True,True
namespaces,ocw,kvk-i,http://www.nltaxonomie.nl/nt15/kvk/20201209/dictionary/kvk-data,True,True
namespaces,ocw,rj-i,http://www.nltaxonomie.nl/nt15/rj/20201209/dictionary/rj-data,True,True
namespaces,ocw,jenv-bw2-i,http://www.nltaxonomie.nl/nt15/jenv/20201209/dictionary/jenv-bw2-data,True,True
namespaces,ocw,xbrldi,http://xbrl.org/2006/xbrldi,False,True
namespaces,ocw,rj-dim,http://www.nltaxonomie.nl/nt15/rj/20201209/dictionary/rj-axes,True,True
namespaces,ocw,ref,http://www.xbrl.org/2006/ref,False,True
namespaces,ocw,ocw-ohu-dim,http://www.nltaxonomie.nl/nt15/ocw/20210217/dictionary/ocw-ohu-axes,True,True
namespaces,ocw,sbr,http://www.nltaxonomie.nl/2011/xbrl/xbrl-syntax-extension,True,True
namespaces,ocw,ocw-wnt-types,http://www.nltaxonomie.nl/nt15/ocw/20210217/dictionary/ocw-wnt-types,True,True
namespaces,ocw,nl-types,http://www.nltaxonomie.nl/nt15/sbr/20200301/dictionary/nl-types,True,True
namespaces,ocw,ocw-ohu-i,http://www.nltaxonomie.nl/nt15/ocw/20210217/dictionary/ocw-ohu-data,True,True
namespaces,ocw,num,http://www.xbrl.org/dtr/type/numeric,False,False
namespaces,ocw,ocw-codes,http://www.nltaxonomie.nl/nt15/ocw/20210217/dictionary/ocw-codes,True,True
namespaces,ocw,ocw-types,http://www.nltaxonomie.nl/nt15/ocw/20210217/dictionary/ocw-types,True,True
namespaces,ocw,ocw-wnt-codes,http://www.nltaxonomie.nl/nt15/ocw/20210217/dictionary/ocw-wnt-codes,True,True
namespaces,ocw,ocw-wnt-dm,http://www.nltaxonomie.nl/nt15/ocw/20210217/dictionary/ocw-wnt-domains,True,True
namespaces,ocw,ocw-ohu-lr,http://www.nltaxonomie.nl/nt15/ocw/20210217/dictionary/ocw-ohu-linkroles,True,True
namespaces,ocw,ocw-lr,http://www.nltaxonomie.nl/nt15/ocw/20210217/dictionary/ocw-linkroles,True,True
namespaces,ocw,ocw-wnt-lr,http://www.nltaxonomie.nl/nt15/ocw/20210217/dictionary/ocw-wnt-linkroles,True,True
namespaces,ocw,ocw-ohu-dm,http://www.nltaxonomie.nl/nt15/ocw/20210217/dictionary/ocw-ohu-domains,True,True
namespaces,ocw,formula,http://xbrl.org/2008/formula,False,True
namespaces,ocw,ocw-abstr,http://www.nltaxonomie.nl/nt15/ocw/20210217/presentation/ocw-abstracts,True,True
namespaces,ocw,table,http://xbrl.org/2014/table,False,False
namespaces,ocw,kvk-abstr,http://www.nltaxonomie.nl/nt15/kvk/20201209/presentation/kvk-abstracts,True,True
namespaces,ocw,rj-dm,http://www.nltaxonomie.nl/nt15/rj/20201209/dictionary/rj-domains,True,True
namespaces,ocw,jenv-bw2-abstr,http://www.nltaxonomie.nl/nt15/jenv/20201209/presentation/jenv-bw2-abstracts,True,True
namespaces,ocw,bzk-wnt-abstr,http://www.nltaxonomie.nl/nt15/bzk/20201209/presentation/bzk-wnt-abstracts,True,True
namespaces,ocw,ocw-wnt-abstr,http://www.nltaxonomie.nl/nt15/ocw/20210217/presentation/ocw-wnt-abstracts,True,True
namespaces,ocw,ocw-ohu-abstr,http://www.nltaxonomie.nl/nt15/ocw/20210217/presentation/ocw-ohu-abstracts,True,True
namespaces,ocw,ocw-rpt-jaarverantwoording-hbo_wo,http://www.nltaxonomie.nl/nt15/ocw/20210217/entrypoints/ocw-rpt-jaarverantwoording-hbo_wo-2020,True,True
namespaces,ocw,ocw-rpt-wnt,http://www.nltaxonomie.nl/nt15/ocw/20210217/entrypoints/ocw-rpt-wnt-2020,True,True
namespaces,ocw,ocw-rpt-jaarverantwoording-mbo,http://www.nltaxonomie.nl/nt15/ocw/20210217/entrypoints/ocw-rpt-jaarverantwoording-mbo-2020,True,True
namespaces,ocw,ocw-rpt-overheaduitvraag,http://www.nltaxonomie.nl/nt15/ocw/20210217/entrypoints/ocw-rpt-overheaduitvraag-2020,True,True
namespaces,ocw,ocw-rpt-jaarverantwoording-po_vo,http://www.nltaxonomie.nl/nt15/ocw/20210217/entrypoints/ocw-rpt-jaarverantwoording-po_vo-2020,True,True
namespaces,rj,link,http://www.xbrl.org/2003/linkbase,False,True
namespaces,rj,xbrldt,http://xbrl.org/2005/xbrldt,False,True
namespaces,rj,xlink,http://www.w3.org/1999/xlink,False,True
namespaces,rj,gen,http://xbrl.org/2008/generic,False,True
namespaces,rj,ref,http://www.xbrl.org/2006/ref,False,True
namespaces,rj,reference,http://xbrl.org/2008/reference,False,True
namespaces,rj,xsi,http://www.w3.org/2001/XMLSchema-instance,False,True
namespaces,rj,label,http://xbrl.org/2008/label,False,True
namespaces,rj,rj-codes,http://www.nltaxonomie.nl/nt15/rj/20201209/dictionary/rj-codes,True,True
namespaces,rj,xbrli,http://www.xbrl.org/2003/instance,False,True
namespaces,rj,xs,http://www.w3.org/2001/XMLSchema,False,True
namespaces,rj,jenv-codes,http://www.nltaxonomie.nl/nt15/jenv/20201209/dictionary/jenv-codes,True,True
namespaces,rj,nl-codes,http://www.nltaxonomie.nl/nt15/sbr/20200301/dictionary/nl-codes,True,True
namespaces,rj,nl-types,http://www.nltaxonomie.nl/nt15/sbr/20200301/dictionary/nl-types,True,True
namespaces,rj,num,http://www.xbrl.org/dtr/type/numeric,False,False
namespaces,rj,rj-i,http://www.nltaxonomie.nl/nt15/rj/20201209/dictionary/rj-data,True,True
namespaces,rj,rj-dm,http://www.nltaxonomie.nl/nt15/rj/20201209/dictionary/rj-domains,True,True
namespaces,rj,sbr,http://www.nltaxonomie.nl/2011/xbrl/xbrl-syntax-extension,True,True
namespaces,rj,rj-dim,http://www.nltaxonomie.nl/nt15/rj/20201209/dictionary/rj-axes,True,True
namespaces,rj,rj-lr,http://www.nltaxonomie.nl/nt15/rj/20201209/presentation/rj-linkroles,True,True
namespaces,rj,rj-abstr,http://www.nltaxonomie.nl/nt15/rj/20201209/presentation/rj-abstracts,True,True
namespaces,rj,rj-rpt-mg,http://www.nltaxonomie.nl/nt15/rj/20201209/entrypoints/rj-rpt-richtlijnen-voor-de-jaarverslaggeving-voor-grote-en-middelgrote-rechtspersonen,True,True
namespaces,rj,rj-rpt-k,http://www.nltaxonomie.nl/nt15/rj/20201209/entrypoints/rj-rpt-richtlijnen-voor-de-jaarverslaggeving-voor-kleine-rechtspersonen,True,True
namespaces,jenv,link,http://www.xbrl.org/2003/linkbase,False,True
namespaces,jenv,xbrldt,http://xbrl.org/2005/xbrldt,False,True
namespaces,jenv,xlink,http://www.w3.org/1999/xlink,False,True
namespaces,jenv,gen,http://xbrl.org/2008/generic,False,True
namespaces,jenv,xsi,http://www.w3.org/2001/XMLSchema-instance,False,True
namespaces,jenv,jenv-bw2-i,http://www.nltaxonomie.nl/nt15/jenv/20201209/dictionary/jenv-bw2-data,True,True
namespaces,jenv,jenv-codes,http://www.nltaxonomie.nl/nt15/jenv/20201209/dictionary/jenv-codes,True,True
namespaces,jenv,nl-codes,http://www.nltaxonomie.nl/nt15/sbr/20200301/dictionary/nl-codes,True,True
namespaces,jenv,nl-types,http://www.nltaxonomie.nl/nt15/sbr/20200301/dictionary/nl-types,True,True
namespaces,jenv,num,http://www.xbrl.org/dtr/type/numeric,False,False
namespaces,jenv,xbrli,http://www.xbrl.org/2003/instance,False,True
namespaces,jenv,xs,http://www.w3.org/2001/XMLSchema,False,True
namespaces,jenv,ref,http://www.xbrl.org/2006/ref,False,True
namespaces,jenv,jenv-bw2-dm,http://www.nltaxonomie.nl/nt15/jenv/20201209/dictionary/jenv-bw2-domains,True,True
namespaces,jenv,sbr,http://www.nltaxonomie.nl/2011/xbrl/xbrl-syntax-extension,True,True
namespaces,jenv,label,http://xbrl.org/2008/label,False,True
namespaces,jenv,jenv-bw2-dim,http://www.nltaxonomie.nl/nt15/jenv/20201209/dictionary/jenv-bw2-axes,True,True
namespaces,jenv,jenv-bw2-lr,http://www.nltaxonomie.nl/nt15/jenv/20201209/dictionary/jenv-bw2-linkroles,True,True
namespaces,jenv,reference,http://xbrl.org/2008/reference,False,True
namespaces,jenv,jenv-bw2-abstr,http://www.nltaxonomie.nl/nt15/jenv/20201209/presentation/jenv-bw2-abstracts,True,True
namespaces,jenv,jenv-rpt-bw2-bjb,http://www.nltaxonomie.nl/nt15/jenv/20201209/entrypoints/jenv-rpt-bw2-besluit-jaarrekening-banken,True,True
namespaces,jenv,jenv-rpt-bw2-vnvij,http://www.nltaxonomie.nl/nt15/jenv/20201209/entrypoints/jenv-rpt-bw2-vaststellingsbesluit-nadere-voorschriften-inhoud-jaarverslag,True,True
namespaces,jenv,jenv-rpt-bw2-ba10o,http://www.nltaxonomie.nl/nt15/jenv/20201209/entrypoints/jenv-rpt-bw2-besluit-artikel-10-overnamerichtlijn,True,True
namespaces,jenv,jenv-rpt-bw2-baw,http://www.nltaxonomie.nl/nt15/jenv/20201209/entrypoints/jenv-rpt-bw2-besluit-actuele-waarde,True,True
namespaces,jenv,jenv-rpt-bw2-bw2t9,http://www.nltaxonomie.nl/nt15/jenv/20201209/entrypoints/jenv-rpt-bw2-burgerlijk-wetboek-2,True,True
namespaces,jenv,jenv-rpt-bw2-bfw,http://www.nltaxonomie.nl/nt15/jenv/20201209/entrypoints/jenv-rpt-bw2-besluit-fiscale-waarderingsgrondslagen,True,True
namespaces,jenv,jenv-rpt-bw2-buprk,http://www.nltaxonomie.nl/nt15/jenv/20201209/entrypoints/jenv-rpt-bw2-besluit-uitvoering-publicatieverplichtingen-richtlijn-kapitaalvereisten,True,True
namespaces,jenv,jenv-rpt-bw2-bmj,http://www.nltaxonomie.nl/nt15/jenv/20201209/entrypoints/jenv-rpt-bw2-besluit-modellen-jaarrekeningen,True,True
namespaces,abm,gpl,http://xbrl.org/2013/preferred-label,False,False
namespaces,abm,link,http://www.xbrl.org/2003/linkbase,False,True
namespaces,abm,xbrldt,http://xbrl.org/2005/xbrldt,False,True
namespaces,abm,xlink,http://www.w3.org/1999/xlink,False,True
namespaces,abm,xsi,http://www.w3.org/2001/XMLSchema-instance,False,True
namespaces,abm,abm-abstr,http://www.nltaxonomie.nl/nt15/abm/20210120/presentation/abm-abstracts,True,True
namespaces,abm,abm-dim,http://www.nltaxonomie.nl/nt15/abm/20210120/dictionary/abm-axes,True,True
namespaces,abm,abm-dm,http://www.nltaxonomie.nl/nt15/abm/20210120/dictionary/abm-domains,True,True
namespaces,abm,bzk-ww-i,http://www.nltaxonomie.nl/nt15/bzk/20201209/dictionary/bzk-ww-data,True,True
namespaces,abm,cf,http://xbrl.org/2008/filter/concept,False,True
namespaces,abm,crf,http://xbrl.org/2010/filter/concept-relation,False,True
namespaces,abm,df,http://xbrl.org/2008/filter/dimension,False,False
namespaces,abm,gen,http://xbrl.org/2008/generic,False,True
namespaces,abm,jenv-bw2-dim,http://www.nltaxonomie.nl/nt15/jenv/20201209/dictionary/jenv-bw2-axes,True,True
namespaces,abm,jenv-bw2-dm,http://www.nltaxonomie.nl/nt15/jenv/20201209/dictionary/jenv-bw2-domains,True,True
namespaces,abm,va,http://xbrl.org/2008/assertion/value,False,True
namespaces,abm,variable,http://xbrl.org/2008/variable,False,True
namespaces,abm,xff,http://www.xbrl.org/2010/function/formula,False,False
namespaces,abm,xs,http://www.w3.org/2001/XMLSchema,False,True
namespaces,abm,msg,http://xbrl.org/2010/message,False,True
namespaces,abm,label,http://xbrl.org/2008/label,False,True
namespaces,abm,xbrli,http://www.xbrl.org/2003/instance,False,True
namespaces,abm,abm-lr,http://www.nltaxonomie.nl/nt15/abm/20210120/dictionary/abm-linkroles,True,True
namespaces,abm,abm-i,http://www.nltaxonomie.nl/nt15/abm/20210120/dictionary/abm-data,True,True
namespaces,abm,nl-types,http://www.nltaxonomie.nl/nt15/sbr/20200301/dictionary/nl-types,True,True
namespaces,abm,sbr,http://www.nltaxonomie.nl/2011/xbrl/xbrl-syntax-extension,True,True
namespaces,abm,formula,http://xbrl.org/2008/formula,False,True
namespaces,abm,table,http://xbrl.org/2014/table,False,False
namespaces,abm,abm-rpt-ab,http://www.nltaxonomie.nl/nt15/abm/20210120/entrypoints/abm-rpt-aedes-benchmark,True,True
namespaces,iasb,link,http://www.xbrl.org/2003/linkbase,False,True
namespaces,iasb,xlink,http://www.w3.org/1999/xlink,False,True
namespaces,iasb,xsi,http://www.w3.org/2001/XMLSchema-instance,False,True
namespaces,iasb,ifrs-mc,http://xbrl.ifrs.org/taxonomy/2020-03-16/ifrs-mc,False,False
namespaces,iasb,info,http://xbrl.iasb.org/info,False,False
namespaces,iasb,nonnum,http://www.xbrl.org/dtr/type/non-numeric,False,False
namespaces,iasb,num,http://www.xbrl.org/dtr/type/numeric,False,False
namespaces,iasb,xbrldt,http://xbrl.org/2005/xbrldt,False,True
namespaces,iasb,xbrli,http://www.xbrl.org/2003/instance,False,True
namespaces,iasb,xsd,http://www.w3.org/2001/XMLSchema,False,True
namespaces,iasb,ifrs-full,http://xbrl.ifrs.org/taxonomy/2020-03-16/ifrs-full,False,False
namespaces,iasb,ifrs-smes,http://xbrl.ifrs.org/taxonomy/2020-03-16/ifrs-smes,False,False
namespaces,iasb,xl,http://www.xbrl.org/2003/XLink,False,True
namespaces,ezk,link,http://www.xbrl.org/2003/linkbase,False,True
namespaces,ezk,xlink,http://www.w3.org/1999/xlink,False,True
namespaces,ezk,xbrldt,http://xbrl.org/2005/xbrldt,False,True
namespaces,ezk,gen,http://xbrl.org/2008/generic,False,True
namespaces,ezk,ref,http://www.xbrl.org/2006/ref,False,True
namespaces,ezk,reference,http://xbrl.org/2008/reference,False,True
namespaces,ezk,xsi,http://www.w3.org/2001/XMLSchema-instance,False,True
namespaces,ezk,ezk-ncgc-lr,http://www.nltaxonomie.nl/nt15/ezk/20201209/dictionary/ezk-ncgc-linkroles,True,True
namespaces,ezk,xs,http://www.w3.org/2001/XMLSchema,False,True
namespaces,ezk,ezk-ncgc-dm,http://www.nltaxonomie.nl/nt15/ezk/20201209/dictionary/ezk-ncgc-domains,True,True
namespaces,ezk,nl-types,http://www.nltaxonomie.nl/nt15/sbr/20200301/dictionary/nl-types,True,True
namespaces,ezk,label,http://xbrl.org/2008/label,False,True
namespaces,ezk,ezk-ncgc-dim,http://www.nltaxonomie.nl/nt15/ezk/20201209/dictionary/ezk-ncgc-axes,True,True
namespaces,ezk,xbrli,http://www.xbrl.org/2003/instance,False,True
namespaces,ezk,ezk-ncgc-i,http://www.nltaxonomie.nl/nt15/ezk/20201209/dictionary/ezk-ncgc-data,True,True
namespaces,ezk,nl-codes,http://www.nltaxonomie.nl/nt15/sbr/20200301/dictionary/nl-codes,True,True
namespaces,ezk,sbr,http://www.nltaxonomie.nl/2011/xbrl/xbrl-syntax-extension,True,True
namespaces,ezk,ezk-ncgc-abstr,http://www.nltaxonomie.nl/nt15/ezk/20201209/presentation/ezk-ncgc-abstracts,True,True
namespaces,ezk,ezk-rpt-ncgc,http://www.nltaxonomie.nl/nt15/ezk/20201209/entrypoints/ezk-rpt-ncgc-nederlandse-corporate-governance-code,True,True
namespaces,bd,link,http://www.xbrl.org/2003/linkbase,False,True
namespaces,bd,xbrldt,http://xbrl.org/2005/xbrldt,False,True
namespaces,bd,xlink,http://www.w3.org/1999/xlink,False,True
namespaces,bd,xsi,http://www.w3.org/2001/XMLSchema-instance,False,True
namespaces,bd,gen,http://xbrl.org/2008/generic,False,True
namespaces,bd,label,http://xbrl.org/2008/label,False,True
namespaces,bd,bd-lr-dm,http://www.nltaxonomie.nl/nt15/bd/20201209/validation/bd-linkroles-domains,True,True
namespaces,bd,xs,http://www.w3.org/2001/XMLSchema,False,True
namespaces,bd,bd-lr-dd,http://www.nltaxonomie.nl/nt15/bd/20201209/validation/bd-linkroles-axes,True,True
namespaces,bd,bd-dim-dom,http://www.nltaxonomie.nl/nt15/bd/20201209/validation/bd-domains,True,True
namespaces,bd,bd-types,http://www.nltaxonomie.nl/nt15/bd/20201209/dictionary/bd-types,True,True
namespaces,bd,sbr,http://www.nltaxonomie.nl/2011/xbrl/xbrl-syntax-extension,True,True
namespaces,bd,xbrli,http://www.xbrl.org/2003/instance,False,True
namespaces,bd,bd-lr-hd,http://www.nltaxonomie.nl/nt15/bd/20201209/validation/bd-linkroles-tables,True,True
namespaces,bd,bd-dim-dim,http://www.nltaxonomie.nl/nt15/bd/20201209/validation/bd-axes,True,True
namespaces,bd,bd-lr-def,http://www.nltaxonomie.nl/nt15/bd/20201209/dictionary/bd-linkroles-def,True,True
namespaces,bd,bd-codes,http://www.nltaxonomie.nl/nt15/bd/20201209/dictionary/bd-codes,True,True
namespaces,bd,bd-i,http://www.nltaxonomie.nl/nt15/bd/20201209/dictionary/bd-data,True,True
namespaces,bd,bd-t,http://www.nltaxonomie.nl/nt15/bd/20201209/dictionary/bd-tuples,True,True
namespaces,bd,nl-cd,http://www.nltaxonomie.nl/nt15/sbr/20200301/dictionary/nl-common-data,True,True
namespaces,bd,iso3166-enum-sbr,http://www.nltaxonomie.nl/nt15/sbr/20200301/dictionary/iso3166-countrycodes-2019-11-23,True,True
namespaces,bd,nl-types,http://www.nltaxonomie.nl/nt15/sbr/20200301/dictionary/nl-types,True,True
namespaces,bd,ref,http://www.xbrl.org/2006/ref,False,True
namespaces,bd,bd-dim-mem,http://www.nltaxonomie.nl/nt15/bd/20201209/dictionary/bd-domain-members,True,True
namespaces,bd,bd-lr-pre,http://www.nltaxonomie.nl/nt15/bd/20201209/presentation/bd-linkroles-pre,True,True
namespaces,bd,bd-abstr,http://www.nltaxonomie.nl/nt15/bd/20201209/presentation/bd-abstracts,True,True
namespaces,bd,bd-rpt-vpb-sba,http://www.nltaxonomie.nl/nt15/bd/20201209/entrypoints/bd-rpt-vpb-sba-2021,True,True
namespaces,bd,bd-rpt-vpb-vrl,http://www.nltaxonomie.nl/nt15/bd/20201209/entrypoints/bd-rpt-vpb-verzoekwijzigingva-2021,True,True
namespaces,bd,bd-rpt-ihz-via,http://www.nltaxonomie.nl/nt15/bd/20201209/entrypoints/bd-rpt-ihz-via-2020,True,True
namespaces,bd,bd-rpt-ihz,http://www.nltaxonomie.nl/nt15/bd/20201209/entrypoints/bd-rpt-ihz-aangifte-2020,True,True
namespaces,bd,bd-rpt-ob,http://www.nltaxonomie.nl/nt15/bd/20201209/entrypoints/bd-rpt-ob-aangifte-2021,True,True
namespaces,bd,bd-rpt-icp,http://www.nltaxonomie.nl/nt15/bd/20201209/entrypoints/bd-rpt-icp-opgaaf-2021,True,True
namespaces,bd,bd-rpt-vpb,http://www.nltaxonomie.nl/nt15/bd/20201209/entrypoints/bd-rpt-vpb-aangifte-2020,True,True
namespaces,bd,bd-rpt-ob-sup,http://www.nltaxonomie.nl/nt15/bd/20201209/entrypoints/bd-rpt-ob-suppletie-2021,True,True
namespaces,bd,bd-lr-hd-ext1,http://www.nltaxonomie.nl/nt15/bd/20210217/validation/bd-linkroles-tables-ext1,True,True
namespaces,bd,bd-lr-dd-ext1,http://www.nltaxonomie.nl/nt15/bd/20210217/validation/bd-linkroles-axes-ext1,True,True
namespaces,bd,bd-lr-dm-ext1,http://www.nltaxonomie.nl/nt15/bd/20210217/validation/bd-linkroles-domains-ext1,True,True
namespaces,bd,bd-i-ext1,http://www.nltaxonomie.nl/nt15/bd/20210217/dictionary/bd-data-ext1,True,True
namespaces,bd,bd-t-ext1,http://www.nltaxonomie.nl/nt15/bd/20210217/dictionary/bd-tuples-ext1,True,True
namespaces,bd,bd-codes-ext1,http://www.nltaxonomie.nl/nt15/bd/20210217/dictionary/bd-codes-ext1,True,True
namespaces,bd,bd-types-ext1,http://www.nltaxonomie.nl/nt15/bd/20210217/dictionary/bd-types-ext1,True,True
namespaces,bd,bd-lr-def-ext1,http://www.nltaxonomie.nl/nt15/bd/20210217/dictionary/bd-linkroles-def-ext1,True,True
namespaces,bd,bd-lr-pre-ext1,http://www.nltaxonomie.nl/nt15/bd/20210217/presentation/bd-linkroles-pre-ext1,True,True
namespaces,bd,bd-abstr-ext1,http://www.nltaxonomie.nl/nt15/bd/20210217/presentation/bd-abstr-ext1,True,True
namespaces,bd,bd-rpt-zvw-sba,http://www.nltaxonomie.nl/nt15/bd/20210217/entrypoints/bd-rpt-zvw-sba-2020,True,True
namespaces,bd,bd-rpt-agu-sba,http://www.nltaxonomie.nl/nt15/bd/20210217/entrypoints/bd-rpt-ihz-vpb-uitstel-sba-2020,True,True
namespaces,bd,bd-rpt-erf,http://www.nltaxonomie.nl/nt15/bd/20210217/entrypoints/bd-rpt-erf-aangifte-2021,True,True
namespaces,bd,bd-rpt-agu,http://www.nltaxonomie.nl/nt15/bd/20210217/entrypoints/bd-rpt-ihz-vpb-uitstel-2020,True,True
namespaces,bd,bd-rpt-ih-sba,http://www.nltaxonomie.nl/nt15/bd/20210217/entrypoints/bd-rpt-ih-sba-2020,True,True
namespaces,bd,bd-rpt-schenk,http://www.nltaxonomie.nl/nt15/bd/20210217/entrypoints/bd-rpt-schenk-aangifte-2021,True,True
namespaces,kvk,link,http://www.xbrl.org/2003/linkbase,False,True
namespaces,kvk,xlink,http://www.w3.org/1999/xlink,False,True
namespaces,kvk,bzk-ww-dm,http://www.nltaxonomie.nl/nt15/bzk/20201209/dictionary/bzk-ww-domains,True,True
namespaces,kvk,bzk-ww-i,http://www.nltaxonomie.nl/nt15/bzk/20201209/dictionary/bzk-ww-data,True,True
namespaces,kvk,cf,http://xbrl.org/2008/filter/concept,False,True
namespaces,kvk,crf,http://xbrl.org/2010/filter/concept-relation,False,True
namespaces,kvk,df,http://xbrl.org/2008/filter/dimension,False,False
namespaces,kvk,gen,http://xbrl.org/2008/generic,False,True
namespaces,kvk,jenv-bw2-dim,http://www.nltaxonomie.nl/nt15/jenv/20201209/dictionary/jenv-bw2-axes,True,True
namespaces,kvk,jenv-bw2-i,http://www.nltaxonomie.nl/nt15/jenv/20201209/dictionary/jenv-bw2-data,True,True
namespaces,kvk,rj-i,http://www.nltaxonomie.nl/nt15/rj/20201209/dictionary/rj-data,True,True
namespaces,kvk,va,http://xbrl.org/2008/assertion/value,False,True
namespaces,kvk,variable,http://xbrl.org/2008/variable,False,True
namespaces,kvk,xsi,http://www.w3.org/2001/XMLSchema-instance,False,True
namespaces,kvk,xbrldt,http://xbrl.org/2005/xbrldt,False,True
namespaces,kvk,msg,http://xbrl.org/2010/message,False,True
namespaces,kvk,xff,http://www.xbrl.org/2010/function/formula,False,False
namespaces,kvk,xs,http://www.w3.org/2001/XMLSchema,False,True
namespaces,kvk,label,http://xbrl.org/2008/label,False,True
namespaces,kvk,jenv-bw2-dm,http://www.nltaxonomie.nl/nt15/jenv/20201209/dictionary/jenv-bw2-domains,True,True
namespaces,kvk,pf,http://xbrl.org/2008/filter/period,False,True
namespaces,kvk,rj-dim,http://www.nltaxonomie.nl/nt15/rj/20201209/dictionary/rj-axes,True,True
namespaces,kvk,acf,http://xbrl.org/2010/filter/aspect-cover,False,True
namespaces,kvk,kvk-abstr,http://www.nltaxonomie.nl/nt15/kvk/20201209/presentation/kvk-abstracts,True,True
namespaces,kvk,kvk-i,http://www.nltaxonomie.nl/nt15/kvk/20201209/dictionary/kvk-data,True,True
namespaces,kvk,rj-dm,http://www.nltaxonomie.nl/nt15/rj/20201209/dictionary/rj-domains,True,True
namespaces,kvk,bzk-wnt-i,http://www.nltaxonomie.nl/nt15/bzk/20201209/dictionary/bzk-wnt-data,True,True
namespaces,kvk,ea,http://xbrl.org/2008/assertion/existence,False,True
namespaces,kvk,gpl,http://xbrl.org/2013/preferred-label,False,False
namespaces,kvk,kvk-dm,http://www.nltaxonomie.nl/nt15/kvk/20201209/dictionary/kvk-domains,True,True
namespaces,kvk,bzk-wnt-dim,http://www.nltaxonomie.nl/nt15/bzk/20201209/dictionary/bzk-wnt-axes,True,True
namespaces,kvk,xbrli,http://www.xbrl.org/2003/instance,False,True
namespaces,kvk,xfi,http://www.xbrl.org/2008/function/instance,False,False
namespaces,kvk,bf,http://xbrl.org/2008/filter/boolean,False,True
namespaces,kvk,nl-cd,http://www.nltaxonomie.nl/nt15/sbr/20200301/dictionary/nl-common-data,True,True
namespaces,kvk,bzk-ww-dim,http://www.nltaxonomie.nl/nt15/bzk/20201209/dictionary/bzk-ww-axes,True,True
namespaces,kvk,kvk-lr-ti,http://www.nltaxonomie.nl/nt15/kvk/20201209/dictionary/kvk-linkroles-housing,True,True
namespaces,kvk,kvk-ifrs-lr,http://www.nltaxonomie.nl/nt15/kvk/20201209/dictionary/kvk-linkroles-ifrs-full,True,True
namespaces,kvk,kvk-codes,http://www.nltaxonomie.nl/nt15/kvk/20201209/dictionary/kvk-codes,True,True
namespaces,kvk,ref,http://www.xbrl.org/2006/ref,False,True
namespaces,kvk,kvk-lr-np,http://www.nltaxonomie.nl/nt15/kvk/20201209/dictionary/kvk-linkroles-nonprofit,True,True
namespaces,kvk,kvk-lr-in,http://www.nltaxonomie.nl/nt15/kvk/20201209/dictionary/kvk-linkroles-insurance,True,True
namespaces,kvk,kvk-lr-fr,http://www.nltaxonomie.nl/nt15/kvk/20201209/dictionary/kvk-linkroles-fundraising,True,True
namespaces,kvk,kvk-lr-c,http://www.nltaxonomie.nl/nt15/kvk/20201209/dictionary/kvk-linkroles-cooperatives,True,True
namespaces,kvk,kvk-lr-hc,http://www.nltaxonomie.nl/nt15/kvk/20201209/dictionary/kvk-linkroles-health-care,True,True
namespaces,kvk,kvk-lr-o,http://www.nltaxonomie.nl/nt15/kvk/20201209/dictionary/kvk-linkroles-education,True,True
namespaces,kvk,kvk-lr,http://www.nltaxonomie.nl/nt15/kvk/20201209/dictionary/kvk-linkroles,True,True
namespaces,kvk,kvk-ifrs-smes-lr,http://www.nltaxonomie.nl/nt15/kvk/20201209/dictionary/kvk-linkroles-ifrs-smes,True,True
namespaces,kvk,kvk-lr-p-f,http://www.nltaxonomie.nl/nt15/kvk/20201209/dictionary/kvk-linkroles-pension-funds,True,True
namespaces,kvk,sbr,http://www.nltaxonomie.nl/2011/xbrl/xbrl-syntax-extension,True,True
namespaces,kvk,kvk-lr-p-p-i,http://www.nltaxonomie.nl/nt15/kvk/20201209/dictionary/kvk-linkroles-premium-pension-institutions,True,True
namespaces,kvk,kvk-lr-b,http://www.nltaxonomie.nl/nt15/kvk/20201209/dictionary/kvk-linkroles-banks,True,True
namespaces,kvk,kvk-ifrs-full-dim,http://www.nltaxonomie.nl/nt15/kvk/20201209/dictionary/kvk-ifrs-full-axes,True,True
namespaces,kvk,kvk-lr-be,http://www.nltaxonomie.nl/nt15/kvk/20201209/dictionary/kvk-linkroles-investment-firm,True,True
namespaces,kvk,kvk-lr-fd,http://www.nltaxonomie.nl/nt15/kvk/20201209/dictionary/kvk-linkroles-foundations,True,True
namespaces,kvk,nl-codes,http://www.nltaxonomie.nl/nt15/sbr/20200301/dictionary/nl-codes,True,True
namespaces,kvk,nl-types,http://www.nltaxonomie.nl/nt15/sbr/20200301/dictionary/nl-types,True,True
namespaces,kvk,num,http://www.xbrl.org/dtr/type/numeric,False,False
namespaces,kvk,formula,http://xbrl.org/2008/formula,False,True
namespaces,kvk,table,http://xbrl.org/2014/table,False,False
namespaces,kvk,ifrs-smes,http://xbrl.ifrs.org/taxonomy/2020-03-16/ifrs-smes,False,False
namespaces,kvk,kvk-ifrs-smes-abstr,http://www.nltaxonomie.nl/nt15/kvk/20201209/presentation/kvk-ifrs-smes-abstracts,True,True
namespaces,kvk,ifrs-full,http://xbrl.ifrs.org/taxonomy/2020-03-16/ifrs-full,False,False
namespaces,kvk,kvk-abstr-ifrs,http://www.nltaxonomie.nl/nt15/kvk/20201209/presentation/kvk-abstracts-ifrs-full,True,True
namespaces,kvk,bzk-wnt-abstr,http://www.nltaxonomie.nl/nt15/bzk/20201209/presentation/bzk-wnt-abstracts,True,True
namespaces,kvk,kvk-abstr-cp,http://www.nltaxonomie.nl/nt15/kvk/20201209/presentation/kvk-abstracts-cp,True,True
namespaces,kvk,kvk-rpt-ozw,http://www.nltaxonomie.nl/nt15/kvk/20201209/entrypoints/kvk-rpt-jaarverantwoording-2020-nlgaap-organisaties-zonder-winststreven,True,True
namespaces,kvk,kvk-rpt-be,http://www.nltaxonomie.nl/nt15/kvk/20201209/entrypoints/kvk-rpt-jaarverantwoording-2020-nlgaap-beleggingsentiteiten,True,True
namespaces,kvk,kvk-rpt-f-k,http://www.nltaxonomie.nl/nt15/kvk/20201209/entrypoints/kvk-rpt-jaarverantwoording-2020-nlgaap-fondsenwervende-organisaties-klein,True,True
namespaces,kvk,kvk-rpt-b,http://www.nltaxonomie.nl/nt15/kvk/20201209/entrypoints/kvk-rpt-jaarverantwoording-2020-nlgaap-banken,True,True
namespaces,kvk,kvk-rpt-ozw-k,http://www.nltaxonomie.nl/nt15/kvk/20201209/entrypoints/kvk-rpt-jaarverantwoording-2020-nlgaap-organisaties-zonder-winststreven-klein,True,True
namespaces,kvk,kvk-rpt-f-g,http://www.nltaxonomie.nl/nt15/kvk/20201209/entrypoints/kvk-rpt-jaarverantwoording-2020-nlgaap-fondsenwervende-organisaties,True,True
namespaces,kvk,kvk-rpt-v-k,http://www.nltaxonomie.nl/nt15/kvk/20201209/entrypoints/kvk-rpt-jaarverantwoording-2020-nlgaap-klein-verticaal,True,True
namespaces,kvk,kvk-rpt-p-u,http://www.nltaxonomie.nl/nt15/kvk/20201209/entrypoints/kvk-rpt-jaarverantwoording-2020-nlgaap-micro-publicatiestukken,True,True
namespaces,kvk,kvk-rpt-h-m,http://www.nltaxonomie.nl/nt15/kvk/20201209/entrypoints/kvk-rpt-jaarverantwoording-2020-nlgaap-middelgroot,True,True
namespaces,kvk,kvk-rpt-c,http://www.nltaxonomie.nl/nt15/kvk/20201209/entrypoints/kvk-rpt-jaarverantwoording-2020-nlgaap-cooperaties,True,True
namespaces,kvk,kvk-rpt-pf,http://www.nltaxonomie.nl/nt15/kvk/20201209/entrypoints/kvk-rpt-jaarverantwoording-2020-nlgaap-pensioenfondsen,True,True
namespaces,kvk,kvk-rpt-h-g,http://www.nltaxonomie.nl/nt15/kvk/20201209/entrypoints/kvk-rpt-jaarverantwoording-2020-nlgaap-groot,True,True
namespaces,kvk,kvk-rpt-v-g,http://www.nltaxonomie.nl/nt15/kvk/20201209/entrypoints/kvk-rpt-jaarverantwoording-2020-nlgaap-groot-verticaal,True,True
namespaces,kvk,kvk-rpt-p-k,http://www.nltaxonomie.nl/nt15/kvk/20201209/entrypoints/kvk-rpt-jaarverantwoording-2020-nlgaap-klein-publicatiestukken,True,True
namespaces,kvk,kvk-rpt-ifrs-full,http://www.nltaxonomie.nl/nt15/kvk/20201209/entrypoints/kvk-rpt-jaarverantwoording-2020-ifrs-full,True,True
namespaces,kvk,kvk-rpt-h-u,http://www.nltaxonomie.nl/nt15/kvk/20201209/entrypoints/kvk-rpt-jaarverantwoording-2020-nlgaap-micro,True,True
namespaces,kvk,kvk-rpt-ifrs-nlgaap,http://www.nltaxonomie.nl/nt15/kvk/20201209/entrypoints/kvk-rpt-jaarverantwoording-2020-ifrs-geconsolideerd-nlgaap-enkelvoudig,True,True
namespaces,kvk,kvk-rpt-ppi,http://www.nltaxonomie.nl/nt15/kvk/20201209/entrypoints/kvk-rpt-jaarverantwoording-2020-nlgaap-premiepensioeninstellingen,True,True
namespaces,kvk,kvk-rpt-v-m,http://www.nltaxonomie.nl/nt15/kvk/20201209/entrypoints/kvk-rpt-jaarverantwoording-2020-nlgaap-middelgroot-verticaal,True,True
namespaces,kvk,kvk-rpt-cvvof-g,http://www.nltaxonomie.nl/nt15/kvk/20201209/entrypoints/kvk-rpt-jaarverantwoording-2020-nlgaap-cv-vof,True,True
namespaces,kvk,kvk-rpt-vp-k,http://www.nltaxonomie.nl/nt15/kvk/20201209/entrypoints/kvk-rpt-jaarverantwoording-2020-nlgaap-klein-verticaal-publicatiestukken,True,True
namespaces,kvk,kvk-rpt-hp-m,http://www.nltaxonomie.nl/nt15/kvk/20201209/entrypoints/kvk-rpt-jaarverantwoording-2020-nlgaap-middelgroot-publicatiestukken,True,True
namespaces,kvk,kvk-rpt-h-k,http://www.nltaxonomie.nl/nt15/kvk/20201209/entrypoints/kvk-rpt-jaarverantwoording-2020-nlgaap-klein,True,True
namespaces,kvk,kvk-rpt-vm,http://www.nltaxonomie.nl/nt15/kvk/20201209/entrypoints/kvk-rpt-jaarverantwoording-2020-nlgaap-verzekeringsmaatschappijen,True,True
namespaces,kvk,kvk-rpt-zi,http://www.nltaxonomie.nl/nt15/kvk/20201209/entrypoints/kvk-rpt-jaarverantwoording-2020-nlgaap-zorginstellingen,True,True
namespaces,kvk,kvk-rpt-ifrs-smes,http://www.nltaxonomie.nl/nt15/kvk/20201209/entrypoints/kvk-rpt-jaarverantwoording-2020-ifrs-smes,True,True
namespaces,kvk,kvk-rpt-vp-m,http://www.nltaxonomie.nl/nt15/kvk/20201209/entrypoints/kvk-rpt-jaarverantwoording-2020-nlgaap-middelgroot-verticaal-publicatiestukken,True,True
namespaces,kvk,kvk-rpt-ti,http://www.nltaxonomie.nl/nt15/kvk/20201209/entrypoints/kvk-rpt-jaarverantwoording-2020-nlgaap-toegelaten-instellingen-volkshuisvesting,True,True
namespaces,kvk,kvk-rpt-o,http://www.nltaxonomie.nl/nt15/kvk/20201209/entrypoints/kvk-rpt-jaarverantwoording-2020-nlgaap-onderwijsinstellingen,True,True
namespaces,kvk,kvk-rpt-s,http://www.nltaxonomie.nl/nt15/kvk/20201209/entrypoints/kvk-rpt-jaarverantwoording-2020-nlgaap-stichtingen,True,True
namespaces,bzk,link,http://www.xbrl.org/2003/linkbase,False,True
namespaces,bzk,xbrldt,http://xbrl.org/2005/xbrldt,False,True
namespaces,bzk,xlink,http://www.w3.org/1999/xlink,False,True
namespaces,bzk,gen,http://xbrl.org/2008/generic,False,True
namespaces,bzk,label,http://xbrl.org/2008/label,False,True
namespaces,bzk,xsi,http://www.w3.org/2001/XMLSchema-instance,False,True
namespaces,bzk,ref,http://www.xbrl.org/2006/ref,False,True
namespaces,bzk,reference,http://xbrl.org/2008/reference,False,True
namespaces,bzk,bzk-wnt-lr,http://www.nltaxonomie.nl/nt15/bzk/20201209/dictionary/bzk-wnt-linkroles,True,True
namespaces,bzk,xs,http://www.w3.org/2001/XMLSchema,False,True
namespaces,bzk,bzk-ww-codes,http://www.nltaxonomie.nl/nt15/bzk/20201209/dictionary/bzk-ww-codes,True,True
namespaces,bzk,bzk-ww-i,http://www.nltaxonomie.nl/nt15/bzk/20201209/dictionary/bzk-ww-data,True,True
namespaces,bzk,bzk-ww-types,http://www.nltaxonomie.nl/nt15/bzk/20201209/dictionary/bzk-ww-types,True,True
namespaces,bzk,nl-codes,http://www.nltaxonomie.nl/nt15/sbr/20200301/dictionary/nl-codes,True,True
namespaces,bzk,nl-types,http://www.nltaxonomie.nl/nt15/sbr/20200301/dictionary/nl-types,True,True
namespaces,bzk,num,http://www.xbrl.org/dtr/type/numeric,False,False
namespaces,bzk,xbrli,http://www.xbrl.org/2003/instance,False,True
namespaces,bzk,bzk-ww-sim-codes,http://www.nltaxonomie.nl/nt15/bzk/20201209/dictionary/bzk-ww-simple-type-codes,True,True
namespaces,bzk,bzk-ww-dm,http://www.nltaxonomie.nl/nt15/bzk/20201209/dictionary/bzk-ww-domains,True,True
namespaces,bzk,sbr,http://www.nltaxonomie.nl/2011/xbrl/xbrl-syntax-extension,True,True
namespaces,bzk,bzk-wnt-types,http://www.nltaxonomie.nl/nt15/bzk/20201209/dictionary/bzk-wnt-types,True,True
namespaces,bzk,bzk-ww-dim,http://www.nltaxonomie.nl/nt15/bzk/20201209/dictionary/bzk-ww-axes,True,True
namespaces,bzk,bzk-wnt-dm,http://www.nltaxonomie.nl/nt15/bzk/20201209/dictionary/bzk-wnt-domains,True,True
namespaces,bzk,bzk-codes,http://www.nltaxonomie.nl/nt15/bzk/20201209/dictionary/bzk-codes,True,True
namespaces,bzk,bzk-wnt-i,http://www.nltaxonomie.nl/nt15/bzk/20201209/dictionary/bzk-wnt-data,True,True
namespaces,bzk,bzk-ww-lr,http://www.nltaxonomie.nl/nt15/bzk/20201209/dictionary/bzk-ww-linkroles,True,True
namespaces,bzk,bzk-wnt-dim,http://www.nltaxonomie.nl/nt15/bzk/20201209/dictionary/bzk-wnt-axes,True,True
namespaces,bzk,bzk-wnt-abstr,http://www.nltaxonomie.nl/nt15/bzk/20201209/presentation/bzk-wnt-abstracts,True,True
namespaces,bzk,bzk-ww-abstr,http://www.nltaxonomie.nl/nt15/bzk/20201209/presentation/bzk-ww-abstracts,True,True
namespaces,bzk,bzk-rpt-wnt,http://www.nltaxonomie.nl/nt15/bzk/20201209/entrypoints/bzk-rpt-wnt-wet-normering-bezoldiging-topfunctionarissen-publieke-en-semipublieke-sector,True,True
namespaces,bzk,bzk-rpt-wnt-vm-2020,http://www.nltaxonomie.nl/nt15/bzk/20201209/entrypoints/bzk-rpt-wnt-verantwoordingsmodel-2020,True,True
namespaces,bzk,bzk-rpt-rti-b5,http://www.nltaxonomie.nl/nt15/bzk/20201209/entrypoints/bzk-rpt-ti-regeling-toegelaten-instellingen-volkshuisvesting-2015-bijlage-5,True,True
namespaces,bzk,bzk-rpt-rti-b3,http://www.nltaxonomie.nl/nt15/bzk/20201209/entrypoints/bzk-rpt-ti-regeling-toegelaten-instellingen-volkshuisvesting-2015-bijlage-3,True,True
namespaces,bzk,bzk-rpt-ww,http://www.nltaxonomie.nl/nt15/bzk/20201209/entrypoints/bzk-rpt-ti-woningwet,True,True
namespaces,bzk,msg,http://xbrl.org/2010/message,False,True
namespaces,bzk,xff,http://www.xbrl.org/2010/function/formula,False,False
namespaces,bzk,cf,http://xbrl.org/2008/filter/concept,False,True
namespaces,bzk,df,http://xbrl.org/2008/filter/dimension,False,False
namespaces,bzk,ea,http://xbrl.org/2008/assertion/existence,False,True
namespaces,bzk,jenv-bw2-dim,http://www.nltaxonomie.nl/nt15/jenv/20201209/dictionary/jenv-bw2-axes,True,True
namespaces,bzk,jenv-bw2-dm,http://www.nltaxonomie.nl/nt15/jenv/20201209/dictionary/jenv-bw2-domains,True,True
namespaces,bzk,pf,http://xbrl.org/2008/filter/period,False,True
namespaces,bzk,variable,http://xbrl.org/2008/variable,False,True
namespaces,bzk,crf,http://xbrl.org/2010/filter/concept-relation,False,True
namespaces,bzk,rj-i,http://www.nltaxonomie.nl/nt15/rj/20201209/dictionary/rj-data,True,True
namespaces,bzk,va,http://xbrl.org/2008/assertion/value,False,True
namespaces,bzk,jenv-bw2-i,http://www.nltaxonomie.nl/nt15/jenv/20201209/dictionary/jenv-bw2-data,True,True
namespaces,bzk,acf,http://xbrl.org/2010/filter/aspect-cover,False,True
namespaces,bzk,bzk-dvi-abstr,http://www.nltaxonomie.nl/nt15/bzk/20210120/presentation/bzk-dvi-abstracts,True,True
namespaces,bzk,gpl,http://xbrl.org/2013/preferred-label,False,False
namespaces,bzk,nl-cd,http://www.nltaxonomie.nl/nt15/sbr/20200301/dictionary/nl-common-data,True,True
namespaces,bzk,bzk-dvi-lr,http://www.nltaxonomie.nl/nt15/bzk/20210120/dictionary/bzk-dvi-linkroles-housing,True,True
namespaces,bzk,formula,http://xbrl.org/2008/formula,False,True
namespaces,bzk,table,http://xbrl.org/2014/table,False,False
namespaces,bzk,kvk-abstr,http://www.nltaxonomie.nl/nt15/kvk/20201209/presentation/kvk-abstracts,True,True
namespaces,bzk,bzk-rpt-dvi-vr,http://www.nltaxonomie.nl/nt15/bzk/20210120/entrypoints/bzk-rpt-de-verantwoordingsinformatie-2020-toegelaten-instellingen-volkshuisvesting-verlicht-regime,True,True
namespaces,bzk,bzk-rpt-dvi-asc,http://www.nltaxonomie.nl/nt15/bzk/20210120/entrypoints/bzk-rpt-de-verantwoordingsinformatie-2020-toegelaten-instellingen-volkshuisvesting-administratieve-scheiding-geconsolideerd,True,True
namespaces,bzk,bzk-rpt-dvi-as,http://www.nltaxonomie.nl/nt15/bzk/20210120/entrypoints/bzk-rpt-de-verantwoordingsinformatie-2020-toegelaten-instellingen-volkshuisvesting-administratieve-scheiding,True,True
namespaces,bzk,bzk-rpt-dvi-vrc,http://www.nltaxonomie.nl/nt15/bzk/20210120/entrypoints/bzk-rpt-de-verantwoordingsinformatie-2020-toegelaten-instellingen-volkshuisvesting-verlicht-regime-geconsolideerd,True,True
namespaces,bzk,bzk-rpt-dvi-js,http://www.nltaxonomie.nl/nt15/bzk/20210120/entrypoints/bzk-rpt-de-verantwoordingsinformatie-2020-toegelaten-instellingen-volkshuisvesting-juridische-scheiding,True,True
namespaces,bzk,bzk-rpt-dvi-hs,http://www.nltaxonomie.nl/nt15/bzk/20210120/entrypoints/bzk-rpt-de-verantwoordingsinformatie-2020-toegelaten-instellingen-volkshuisvesting-hybride-scheiding,True,True
namespaces,sbr,link,http://www.xbrl.org/2003/linkbase,False,True
namespaces,sbr,xlink,http://www.w3.org/1999/xlink,False,True
namespaces,sbr,gen,http://xbrl.org/2008/generic,False,True
namespaces,sbr,label,http://xbrl.org/2008/label,False,True
namespaces,sbr,xsi,http://www.w3.org/2001/XMLSchema-instance,False,True
namespaces,sbr,nl-types,http://www.nltaxonomie.nl/nt15/sbr/20200301/dictionary/nl-types,True,True
namespaces,sbr,num,http://www.xbrl.org/dtr/type/numeric,False,False
namespaces,sbr,xbrli,http://www.xbrl.org/2003/instance,False,True
namespaces,sbr,xs,http://www.w3.org/2001/XMLSchema,False,True
namespaces,sbr,iso3166-enum-sbr,http://www.nltaxonomie.nl/nt15/sbr/20200301/dictionary/iso3166-countrycodes-2019-11-23,True,True
namespaces,sbr,iso4217-enum-sbr,http://www.nltaxonomie.nl/nt15/sbr/20200301/dictionary/iso4217-currencycodes-2018-08-02,True,True
namespaces,sbr,nl-cd,http://www.nltaxonomie.nl/nt15/sbr/20200301/dictionary/nl-common-data,True,True
namespaces,sbr,nl-codes,http://www.nltaxonomie.nl/nt15/sbr/20200301/dictionary/nl-codes,True,True
namespaces,sbr,sbi,http://www.nltaxonomie.nl/nt15/sbr/20200301/dictionary/sbi-businesscodes-2018,True,True
namespaces,sbr,iso3166-mem-sbr,http://www.nltaxonomie.nl/nt15/sbr/20200301/dictionary/iso3166-domains-countrycodes-2019-11-23,True,True
namespaces,sbr,sbr,http://www.nltaxonomie.nl/2011/xbrl/xbrl-syntax-extension,True,True
namespaces,sbr,ref,http://www.xbrl.org/2006/ref,False,True
namespaces,sbr,iso4217-mem-sbr,http://www.nltaxonomie.nl/nt15/sbr/20200301/dictionary/iso4217-domains-currencycodes-2018-08-02,True,True
